{"cameraMode":{"drawMode":0,"name":"Shaded","section":"Shading Mode"},"sceneLighting":true,"audioPlay":false,"sceneViewState":{"showFog":true,"showMaterialUpdate":false,"showSkybox":true,"showFlares":true,"showImageEffects":true,"showParticleSystems":true},"in2DMode":false,"pivot":{"x":-0.06857337802648545,"y":-0.6855465769767761,"z":1.9584770202636719},"rotation":{"x":-0.01482258178293705,"y":0.9838829636573792,"z":0.09772064536809921,"w":0.14901433885097505},"size":9.166054725646973,"orthographic":true}