{"cameraMode":{"drawMode":0,"name":"Shaded","section":"Shading Mode"},"sceneLighting":true,"audioPlay":false,"sceneViewState":{"showFog":true,"showMaterialUpdate":false,"showSkybox":true,"showFlares":true,"showImageEffects":true,"showParticleSystems":true},"in2DMode":false,"pivot":{"x":-0.9875033497810364,"y":0.7171338796615601,"z":-0.7408920526504517},"rotation":{"x":-0.0022546453401446344,"y":0.982122004032135,"z":0.18786311149597169,"w":0.011786000803112984},"size":4.0022993087768559,"orthographic":true}